index,day_of_birth,gender,name,surname
0,1996-02-04,Male,Matthew,Hicks
1,1982-02-07,Male,Charles,Davis
2,1999-10-22,Male,Jeremiah,Benitez
3,1987-08-08,Female,Carla,Arroyo
4,1973-07-03,Male,Taylor,Rodriguez
5,1989-10-08,Female,Amy,Henderson
6,1964-07-15,Female,Sabrina,Taylor
7,1989-04-20,Male,Benjamin,Edwards
8,1996-08-20,Male,Michael,Howell
9,1982-06-13,Female,Gabrielle,Martin
10,1995-02-12,Female,Jennifer,Terry
11,2004-09-23,Female,Sarah,Williams
12,1979-04-17,Male,Albert,Jackson
13,2001-10-13,Male,Antonio,Cabrera
14,1963-11-30,Female,Suzanne,Morales
